title,company_name,location,reward,link
Node.js Developer,토스뱅크,서울 · 한국,합격보상금 100만원,https://www.wanted.co.kr//wd/203948
Node.js 백엔드 개발자,클라우드호스피탈,서울 · 한국,합격보상금 100만원,https://www.wanted.co.kr//wd/203747
[병역특례 보충역] Node.js Back-End 개발자,팬마음,서울 · 한국,합격보상금 100만원,https://www.wanted.co.kr//wd/139895
Node.js 시니어 개발자 (3년 이상),한국모바일결제,서울 · 한국,합격보상금 100만원,https://www.wanted.co.kr//wd/191694
"주니어 백엔드 엔지니어 (Node.js), 부산",나인하이어,부산 · 한국,합격보상금 100만원,https://www.wanted.co.kr//wd/201490
React Native/Node.js 풀스택 시니어 앱 개발자,시놀,서울 · 한국,합격보상금 100만원,https://www.wanted.co.kr//wd/190363
"시니어 백엔드 개발자 (Node.js, 5년 이상)",코딧(CODITCorp.),서울 · 한국,합격보상금 100만원,https://www.wanted.co.kr//wd/46260
Node.js 기반 풀스택 개발자,언더밀리,서울 · 한국,합격보상금 100만원,https://www.wanted.co.kr//wd/192411
Node.js Developer,토스뱅크,서울 · 한국,합격보상금 100만원,https://www.wanted.co.kr//wd/203948
Node.js 백엔드 개발자,클라우드호스피탈,서울 · 한국,합격보상금 100만원,https://www.wanted.co.kr//wd/203747
[병역특례 보충역] Node.js Back-End 개발자,팬마음,서울 · 한국,합격보상금 100만원,https://www.wanted.co.kr//wd/139895
Node.js 시니어 개발자 (3년 이상),한국모바일결제,서울 · 한국,합격보상금 100만원,https://www.wanted.co.kr//wd/191694
"주니어 백엔드 엔지니어 (Node.js), 부산",나인하이어,부산 · 한국,합격보상금 100만원,https://www.wanted.co.kr//wd/201490
React Native/Node.js 풀스택 시니어 앱 개발자,시놀,서울 · 한국,합격보상금 100만원,https://www.wanted.co.kr//wd/190363
"시니어 백엔드 개발자 (Node.js, 5년 이상)",코딧(CODITCorp.),서울 · 한국,합격보상금 100만원,https://www.wanted.co.kr//wd/46260
Node.js 기반 풀스택 개발자,언더밀리,서울 · 한국,합격보상금 100만원,https://www.wanted.co.kr//wd/192411
풀스택 개발자(4~8년) (node.js),비엔제트(BNZ),경기 · 한국,합격보상금 100만원,https://www.wanted.co.kr//wd/181302
"시니어 백엔드 엔지니어 (Node.js), 부산",나인하이어,부산 · 한국,합격보상금 100만원,https://www.wanted.co.kr//wd/201477
백엔드 개발자 Node.js,앤트(aaant),서울 · 한국,합격보상금 100만원,https://www.wanted.co.kr//wd/106877
"주니어 백엔드 엔지니어 (Node.js), 서울",나인하이어,서울 · 한국,합격보상금 100만원,https://www.wanted.co.kr//wd/201479
Back-end 개발 (node.js기반 / 3년 이상),폴라리스오피스,서울 · 한국,합격보상금 100만원,https://www.wanted.co.kr//wd/198129
서버 백엔드 주니어 개발자(Node.js),티피씨인터넷,서울 · 한국,합격보상금 100만원,https://www.wanted.co.kr//wd/199462
node.js 백엔드 엔지니어,띵스플로우,서울 · 한국,합격보상금 100만원,https://www.wanted.co.kr//wd/201775
백엔드(Node.js) 개발자,더블엑스소프트(크립토택스),서울 · 한국,합격보상금 100만원,https://www.wanted.co.kr//wd/191203
Backend Developer (Node.js),캔랩코리아,서울 · 한국,합격보상금 100만원,https://www.wanted.co.kr//wd/198264
Backend 개발자 (Node.js),비누랩스,서울 · 한국,합격보상금 100만원,https://www.wanted.co.kr//wd/114470
"Global 서비스 Back-end 개발 (Node.js, NestJS)",아프리카TV,경기 · 한국,합격보상금 100만원,https://www.wanted.co.kr//wd/126670
"백엔드 개발자 (Node.js, 3년 이상)",코딧(CODITCorp.),서울 · 한국,합격보상금 100만원,https://www.wanted.co.kr//wd/199386
node.js 개발자 (3년 이상),스타일씨코퍼레이션,서울 · 한국,합격보상금 100만원,https://www.wanted.co.kr//wd/196714
Node.js 개발자 (2~3년 이상),더블유클럽,서울 · 한국,합격보상금 100만원,https://www.wanted.co.kr//wd/191446
백엔드 S/W 엔지니어 (Node.js),그루우,서울 · 한국,합격보상금 100만원,https://www.wanted.co.kr//wd/130447
Node.js 백엔드 개발자 (1~2년 이상),한국모바일결제,서울 · 한국,합격보상금 100만원,https://www.wanted.co.kr//wd/187808
Node.js 백엔드 개발자,디케이앤트,서울 · 한국,합격보상금 100만원,https://www.wanted.co.kr//wd/197245
서비스 백엔드 개발자 (node.js) (4년 이상),누벤트,서울 · 한국,합격보상금 100만원,https://www.wanted.co.kr//wd/160912
"Node.js 백엔드 개발자(Serverless, MSA, CloudNative)",레몬클라우드,서울 · 한국,합격보상금 100만원,https://www.wanted.co.kr//wd/160663
백엔드(Node.js) 개발자,클라썸,서울 · 한국,합격보상금 100만원,https://www.wanted.co.kr//wd/98933
"시니어 백엔드 엔지니어 (Node.js), 서울",나인하이어,서울 · 한국,합격보상금 100만원,https://www.wanted.co.kr//wd/201472
백엔드 개발자(Node.js)(병역특례_현역/보충역),넛지헬스케어(캐시워크),서울 · 한국,합격보상금 100만원,https://www.wanted.co.kr//wd/85836
백엔드(Node.js) 개발자,테이블링,서울 · 한국,합격보상금 100만원,https://www.wanted.co.kr//wd/188781
백엔드 개발자 node.js (5년이상),차란차,서울 · 한국,합격보상금 100만원,https://www.wanted.co.kr//wd/192524
백엔드(Node.js) 개발자,넥스트에디션,서울 · 한국,합격보상금 100만원,https://www.wanted.co.kr//wd/164013
[인텔리전스랩스] 미디어개발팀 웹개발자 (Node.js),넥슨코리아(NEXON),경기 · 한국,합격보상금 100만원,https://www.wanted.co.kr//wd/120650
Node.js 개발자,문토,서울 · 한국,합격보상금 100만원,https://www.wanted.co.kr//wd/163959
백엔드 개발자 (Node.js) (신입),테크스페이스,서울 · 한국,합격보상금 100만원,https://www.wanted.co.kr//wd/181535
백엔드 개발자 (Node.js),테크스페이스,서울 · 한국,합격보상금 100만원,https://www.wanted.co.kr//wd/133270
"Back-end 개발자(Node.js) (1년 이상, 산업기능요원 편입 가능)",테이블매니저,서울 · 한국,합격보상금 100만원,https://www.wanted.co.kr//wd/166635
백엔드 개발자(Node.js),팬마음,서울 · 한국,합격보상금 100만원,https://www.wanted.co.kr//wd/126609
"[400억↑투자] Back-end 개발자 (Node.js, React, Express, Next.js), 병특",딥브레인에이아이,서울 · 한국,합격보상금 100만원,https://www.wanted.co.kr//wd/107946
Backend DevTeam Leader (Node.js/MongoDB/Mysql/Typescript),단비코리아,서울 · 한국,합격보상금 100만원,https://www.wanted.co.kr//wd/98873
